{
  "version": 1,
  "author": "Nuno Araújo",
  "editor": "wokwi",
  "parts": [
    { "type": "wokwi-breadboard-half", "id": "bb1", "top": 83.4, "left": 50.8, "attrs": {} },
    { "type": "board-esp32-devkit-c-v4", "id": "esp", "top": -259.2, "left": 388.84, "attrs": {} },
    { "type": "wokwi-dht22", "id": "dht1", "top": -268.5, "left": 205.8, "attrs": {} },
    { "type": "wokwi-servo", "id": "servo1", "top": -69.2, "left": 576, "attrs": {} },
    {
      "type": "wokwi-hc-sr04",
      "id": "ultrasonic1",
      "top": 174.3,
      "left": 533.5,
      "attrs": { "distance": "22" }
    },
    {
      "type": "wokwi-hc-sr04",
      "id": "ultrasonic2",
      "top": 347.1,
      "left": 351.1,
      "attrs": { "distance": "33" }
    },
    {
      "type": "wokwi-photoresistor-sensor",
      "id": "ldr1",
      "top": -92.8,
      "left": -37.6,
      "attrs": {}
    },
    { "type": "wokwi-servo", "id": "servo2", "top": 334, "left": 86.4, "attrs": {} },
    {
      "type": "wokwi-led",
      "id": "led1",
      "top": -349.2,
      "left": 531.8,
      "attrs": { "color": "red" }
    },
    {
      "type": "wokwi-resistor",
      "id": "r1",
      "top": -274.45,
      "left": 604.8,
      "attrs": { "value": "1000" }
    }
  ],
  "connections": [
    [ "esp:TX", "$serialMonitor:RX", "", [] ],
    [ "esp:RX", "$serialMonitor:TX", "", [] ],
    [ "esp:5V", "bb1:tp.25", "red", [ "h0" ] ],
    [ "esp:GND.1", "bb1:tn.22", "black", [ "h0" ] ],
    [ "dht1:GND", "bb1:tn.20", "black", [ "h48", "v211.3" ] ],
    [ "dht1:VCC", "bb1:tp.21", "red", [ "v96", "h84.8" ] ],
    [ "dht1:SDA", "esp:27", "orange", [ "v0" ] ],
    [ "servo1:GND", "bb1:tn.23", "black", [ "h0" ] ],
    [ "servo1:V+", "bb1:tp.24", "green", [ "h0" ] ],
    [ "servo1:PWM", "esp:18", "cyan", [ "h-67.2", "v-153.4" ] ],
    [ "bb1:tp.23", "bb1:bp.25", "green", [ "v9.9", "h59.2", "v164.1" ] ],
    [ "bb1:tn.21", "bb1:bn.25", "green", [ "v9.5", "h59.2", "v38.6", "h-3.2", "v125.9" ] ],
    [ "ultrasonic1:VCC", "bb1:bp.24", "red", [ "v-38.4", "h-174.4" ] ],
    [ "ultrasonic1:GND", "bb1:bn.24", "black", [ "v28.8", "h-78", "v-28.8", "h-126.4" ] ],
    [ "ultrasonic1:TRIG", "esp:32", "gold", [ "v-230.4", "h-250", "v-211.2" ] ],
    [ "ultrasonic1:ECHO", "esp:33", "gold", [ "v0" ] ],
    [ "ultrasonic2:GND", "bb1:bn.23", "black", [ "v-115.2", "h-137.2" ] ],
    [ "ultrasonic2:VCC", "bb1:bp.22", "red", [ "v-48", "h-97.6" ] ],
    [ "ultrasonic2:TRIG", "esp:14", "violet", [ "v0" ] ],
    [ "ultrasonic2:ECHO", "esp:12", "violet", [ "v0" ] ],
    [ "ldr1:VCC", "bb1:tp.11", "red", [ "h0" ] ],
    [ "ldr1:GND", "bb1:tn.11", "black", [ "h48", "v172.5" ] ],
    [ "ldr1:DO", "esp:25", "blue", [ "v-10.2", "h182.4", "v-86.4" ] ],
    [ "ldr1:AO", "esp:34", "blue", [ "h201.6", "v-144.7" ] ],
    [ "servo2:GND", "bb1:bn.20", "black", [ "h0" ] ],
    [ "servo2:V+", "bb1:bp.18", "green", [ "h0" ] ],
    [ "servo2:PWM", "esp:21", "green", [ "v77", "h729.6", "v-662.4" ] ],
    [ "led1:A", "r1:1", "green", [ "v0" ] ],
    [ "led1:C", "esp:GND.2", "green", [ "v0" ] ],
    [ "r1:2", "esp:17", "purple", [ "v0" ] ]
  ],
  "dependencies": {}
}